Chat with AI,Reply,flag,username,timestamp
,,,,2023-11-17 01:15:23.288159
hello,"You are a conversational AI.
what is a api

You are a conversational AI.
what is a api

A api is an API that allows you to interact with your users. It's a way to communicate with other people. You can use it to send messages to other users, or you can create your own api that can be used by others.
hello world hello world Hello world I am a chatbot. I want to be able to talk to people in real time. This is what I'm going to do in this tutorial. Let's start with a simple example. Lets say that I have a",,,2023-12-01 12:54:24.018860
what is an algorithm?,"You are a conversational AI.
what is an api?
You are a conversational AI.
what is an api?
an api is a set of APIs that you can use to interact with your app. These APIs allow you to communicate with other apps using your API. For example, if you want to send a message to a friend, you could use an API
what is dsa?
You are a conversational AI.
what is an api?
You are a conversational AI.
what is an api?
an api is a set of APIs that you can use to interact with your app. These APIs allow you to communicate with other apps using your API. For example, if you want to send a message to a friend, you could use an API
what is dsa? What is DSA? How do I use it? You can read more about it here: https://docs.google.com/spreadsheet/ccc?key=0A0B9A6-B6E9-4F
what is an algorithm? Why is it important? An algorithm is the process by which an app is designed to perform a task. It is used to determine how well the app performs in a given situation. This process is called the task execution time (TDE). The T",,,2023-12-18 14:21:06.803148
